Workbook

Sheet crop_stage
A1: crop_id | B1: crop | C1: stage | D1: stage_th | E1: start_day | F1: end_day
A2: c001 | B2: rice(120 days) | C2: Seedling Stage | D2: ระยะกล้า | E2: 0 | F2: 25
A3: c001 | B3: rice(120 days) | C3: Tillering | D3: ระยะแตกกอ | E3: 26 | F3: 60
A4: c001 | B4: rice(120 days) | C4: Heading&Flowering | D4: ระยะตั้งท้องออกรวง | E4: 61 | F4: 90
A5: c001 | B5: rice(120 days) | C5: Panicle Initiation & Booting Stage | D5: ระยะน้ำนมและเก็บเกี่ยว | E5: 91 | F5: 120
A11: c002 | B11: rice(100 days) | C11: Seedling Stage | D11: ระยะกล้า | E11: 0 | F11: 17
A12: c002 | B12: rice(100 days) | C12: Tillering | D12: ระยะแตกกอ | E12: 18 | F12: 38
A13: c002 | B13: rice(100 days) | C13: Stem Elongation | D13: ระยะยืดลำต้น | E13: 39 | F13: 50
A14: c002 | B14: rice(100 days) | C14: Panicle Initiation & Booting Stage | D14: ระยะเริ่มสร้างช่อดอกและระยะบูต | E14: 51 | F14: 63
A15: c002 | B15: rice(100 days) | C15: Heading | D15: ระยะออกรวง | E15: 64 | F15: 71
A16: c002 | B16: rice(100 days) | C16: Flowering (Anthesis) | D16: ระยะออกดอก | E16: 72 | F16: 75
A17: c002 | B17: rice(100 days) | C17: Milk Stage | D17: ระยะน้ำนม | E17: 76 | F17: 88
A18: c002 | B18: rice(100 days) | C18: Dough Stage | D18: ระยะแป้ง | E18: 89 | F18: 96
... A38: c004 | B38: durian (bearing tree) | C38: Harvest | D38: ระยะเก็บเกี่ยว | E38: 421 | F38: 435

Sheet crop_weeds
A1: crop_id | B1: ws_id | C1: weed_stage | D1: weed_id | E1: weed_name_en | F1: weed_name_th | G1: weed_science | H1: type | I1: start_day | J1: end_day
A2: c001 | B2: ws001 | C2: pre-emergence | D2: w001 | E2: barnyard grass | F2: หญ้าข้าวนก | G2: Echinochloa crus-galli (L.) Beauv. | H2: grass | I2: 0 | J2: 2
A3: c001 | B3: ws001 | C3: pre-emergence | D3: w002 | E3: sprangletop | F3: หญ้าดอกขาว | G3: Leptochloa chinensis (L.) Nees | H3: grass | I3: 0 | J3: 2
A4: c001 | B4: ws001 | C4: pre-emergence | D4: w003 | E4: jungle rice | F4: หญ้านกสีชมพู | G4: Echinochloa colona (L.) Link | H4: grass | I4: 0 | J4: 2
A5: c001 | B5: ws001 | C5: pre-emergence | D5: w004 | E5: wrinkle duck-beak | F5: หญ้ากระดูกไก่ | G5: Ischaemum rugosum Salisb. | H5: grass | I5: 0 | J5: 2
A6: c001 | B6: ws001 | C6: pre-emergence | D6: w005 | E6: umbrella sedge | F6: กกทราย | G6: Cyperus iria L. | H6: sedge | I6: 0 | J6: 2
A7: c001 | B7: ws001 | C7: pre-emergence | D7: w006 | E7: smallflower umbrella sedge | F7: กกขนาก | G7: Cyperus difformis L. | H7: sedge | I7: 0 | J7: 2
A8: c001 | B8: ws001 | C8: pre-emergence | D8: w007 | E8: grass-like fimbristylis | F8: หนวดปลาดุก | G8: Fimbristylis miliacea (L.) Vahl. | H8: sedge | I8: 0 | J8: 2
A9: c001 | B9: ws001 | C9: pre-emergence | D9: w008 | E9: purple nut sedge | F9: แห้วหมู | G9: Cyperus rotundus L. | H9: sedge | I9: 0 | J9: 2
A10: c001 | B10: ws001 | C10: pre-emergence | D10: w009 | E10: goose weed | F10: ผักปอดนา | G10: Sphenoclea zeylanica Gaertn. | H10: broadleaf | I10: 0 | J10: 2
A11: c001 | B11: ws001 | C11: pre-emergence | D11: w010 | E11: seedbox | F11: เทียนนา | G11: Ludwigia hyssopifolia (G.Don) Exell | H11: broadleaf | I11: 0 | J11: 2
A12: c001 | B12: ws001 | C12: pre-emergence | D12: w011 | E12: weedy rice | F12: ข้าววัชพืช | G12: Oryza sativa complex | H12: grass | I12: 0 | J12: 2
A13: c001 | B13: ws002 | C13: early-post emergence | D13: w001 | E13: barnyard grass | F13: หญ้าข้าวนก | G13: Echinochloa crus-galli (L.) Beauv. | H13: grass | I13: 7 | J13: 10
... A34: c001 | B34: ws003 | C34: late-post emergence | D34: w011 | E34: weedy rice | F34: ข้าววัชพืช | G34: Oryza sativa complex | H34: grass | I34: 25 | J34: 30

Sheet crop_pest
A1: crop_id | B1: pest_id | C1: pest_name_en | D1: pest_name_th | E1: order | F1: start_day | G1: end_day | H1: rank
A2: c001 | B2: p001 | C2: Rice thrips | D2: เพลี้ยไฟข้าว | E2: Thysanoptera | F2: 0 | G2: 15 | H2: 1
A3: c001 | B3: p002 | C3: Golden apple snail | D3: หอยเชอรี่ | E3: Gastropoda | F3: 4 | G3: 20 | H3: 2
A4: c001 | B4: p003 | C4: Rice seedling armyworm | D4: หนอนกระทู้กล้า | E4: Lepidoptera | F4: 0 | G4: 20 | H4: 5
A5: c001 | B5: p004 | C5: Rice gall midge | D5: แมลงบั่ว | E5: Diptera | F5: 5 | G5: 45 | H5: 10
A6: c001 | B6: p005 | C6: Rice hispa | D6: แมลงดำหนาม | E6: Coleoptera | F6: 10 | G6: 60 | H6: 12
A7: c001 | B7: p006 | C7: Rice leaffolder | D7: หนอนห่อใบข้าว | E7: Lepidoptera | F7: 21 | G7: 120 | H7: 3
A8: c001 | B8: p007 | C8: Rice stem borer | D8: หนอนกอข้าว | E8: Lepidoptera | F8: 21 | G8: 120 | H8: 4
A9: c001 | B9: p008 | C9: Brown planthopper | D9: เพลี้ยกระโดดสีน้ำตาล | E9: Hemiptera | F9: 10 | G9: 120 | H9: 6
A10: c001 | B10: p009 | C10: Rice black bug | D10: แมลงหล่า | E10: Hemiptera | F10: 76 | G10: 120 | H10: 8
A11: c001 | B11: p010 | C11: Rice ear bug | D11: แมลงสิง | E11: Hemiptera | F11: 20 | G11: 120 | H11: 9
A12: c001 | B12: p011 | C12: Rice ear-cutting caterpillar | D12: หนอนกระทู้คอรวง | E12: Lepidoptera | F12: 80 | G12: 120 | H12: 7
A13: c001 | B13: p012 | C13: Whitefly | D13: แมลงหวี่ขาว | E13: Hemiptera | F13: 21 | G13: 120 | H13: 11
A14: c002 | B14: p001 | C14: Rice thrips | D14: เพลี้ยไฟข้าว | E14: Thysanoptera | F14: 0 | G14: 17
A15: c002 | B15: p002 | C15: Golden apple snail | D15: หอยเชอรี่ | E15: Gastropoda | F15: 0 | G15: 25
A16: c002 | B16: p003 | C16: Rice seedling armyworm | D16: หนอนกระทู้กล้า | E16: Lepidoptera | F16: 0 | G16: 25
A17: c002 | B17: p004 | C17: Rice gall midge | D17: แมลงบั่ว | E17: Diptera | F17: 10 | G17: 50
A18: c002 | B18: p005 | C18: Rice hispa | D18: แมลงดำหนาม | E18: Coleoptera | F18: 10 | G18: 50
A19: c002 | B19: p006 | C19: Rice leaffolder | D19: หนอนห่อใบข้าว | E19: Lepidoptera | F19: 10 | G19: 120
A20: c002 | B20: p007 | C20: Rice stem borer | D20: หนอนกอข้าว | E20: Lepidoptera | F20: 20 | G20: 120
A21: c002 | B21: p008 | C21: Brown planthopper | D21: เพลี้ยกระโดดสีน้ำตาล | E21: Hemiptera | F21: 10 | G21: 120
A22: c002 | B22: p009 | C22: Rice black bug | D22: แมลงหล่า | E22: Hemiptera | F22: 20 | G22: 120
A23: c002 | B23: p010 | C23: Rice ear bug | D23: แมลงสิง | E23: Hemiptera | F23: 20 | G23: 120
A24: c002 | B24: p011 | C24: Rice ear-cutting caterpillar | D24: หนอนกระทู้คอรวง | E24: Lepidoptera | F24: 80 | G24: 120
A25: c002 | B25: p012 | C25: Whitefly | D25: แมลงหวี่ขาว | E25: Hemiptera | F25: 0 | G25: 50
... A52: c004 | B52: p012 | C52: African red mite | D52: ไรแดงแอฟริกัน | E52: Acari | F52: 30 | G52: 180

Sheet crop_disease
A1: crop_id | B1: disease_id | C1: disease_name_en | D1: disease_name_th | E1: disease_name_sc | F1: type | G1: start_day | H1: end_day
A2: c001 | B2: d001 | C2: Rice Blast | D2: โรคไหม้ | E2: Magnaporthe oryzae | F2: Fungus | G2: 0 | H2: 120
A3: c001 | B3: d002 | C3: Brown Spot | D3: โรคใบจุดสีน้ำตาล | E3: Bipolaris oryzae | F3: Fungus | G3: 30 | H3: 120
A4: c001 | B4: d003 | C4: Narrow Brown Spot | D4: โรคใบขีดสีน้ำตาล | E4: Cercospora janseana (syn. C. oryzae) | F4: Fungus | G4: 30 | H4: 120
A5: c001 | B5: d004 | C5: Dirty Panicle | D5: โรคเมล็ดด่าง | E5: Complex: Bipolaris spp., Curvularia spp., Fusarium spp., Sarocladium oryzae | F5: Fungus (complex) | G5: 90 | H5: 120
A6: c001 | B6: d005 | C6: Sheath Blight | D6: โรคกาบใบแห้ง | E6: Rhizoctonia solani | F6: Fungus | G6: 0 | H6: 120
A7: c001 | B7: d006 | C7: Sheath Rot | D7: โรคกาบใบเน่า | E7: Sarocladium oryzae | F7: Fungus | G7: 60 | H7: 120
A8: c001 | B8: d007 | C8: False Smut | D8: โรคดอกกระถิน | E8: Ustilaginoidea virens | F8: Fungus | G8: 90 | H8: 120
A9: c001 | B9: d008 | C9: Bacterial Leaf Blight | D9: โรคขอบใบแห้ง | E9: Xanthomonas oryzae pv. oryzae | F9: Bacterium | G9: 60 | H9: 120
A10: c001 | B10: d009 | C10: Bacterial Leaf Streak | D10: โรคใบขีดโปร่งแสง | E10: Xanthomonas oryzae pv. oryzicola | F10: Bacterium | G10: 60 | H10: 120

Sheet crop_fer
A1: crop_id | B1: crop | C1: stage_id | D1: stage | E1: start_day | F1: end_day
A2: c001 | B2: rice(120 days) | C2: fs001 | D2: 1st application | E2: 20 | F2: 30
A3: c001 | B3: rice(120 days) | C3: fs002 | D3: 2nd application | E3: 40 | F3: 50
A4: c001 | B4: rice(120 days) | C4: fs003 | D4: 3rd application | E4: 60 | F4: 70

Sheet prod_her
A1: her_id | B1: trade_name | C1: company | D1: common_name | E1: concentration | F1: formulation_type | G1: hrac_code | H1: tier
A2: her001 | B2: เซนเที่ยม | C2: SHK | D2: clomazone+propanil | E2: 12%+27%W/V | F2: EC | G2: 13+5 | H2: mid-tier
A3: her002 | B3: frontier-p | C3: SHK | D3: dimethenamid-p | E3: 72%W/V | F3: EC | G3: 15 | H3: premium
A4: her003 | B4: bramus | C4: SHK | D4: bentazone | E4: 48%W/V | F4: EC | G4: 6 | H4: premium

Sheet weed_her
A1: crop_id | B1: ws_id | C1: weed_id | D1: weed_name_th | E1: her_id | F1: trade_name
A2: c001 | B2: ws002 | C2: =_xlfn.XLOOKUP(D2,ref!$B$2:$B$12,ref!$A$2:$A$12,"not found") -> w004 | D2: หญ้ากระดูกไก่ | E2: =_xlfn.XLOOKUP(F2,prod_her!$B$2:$B$4,prod_her!$A$2:$A$4,"not found") -> her001 | F2: เซนเที่ยม
A3: c001 | B3: ws002 | C3: =_xlfn.XLOOKUP(D3,ref!$B$2:$B$12,ref!$A$2:$A$12,"not found") -> w003 | D3: หญ้านกสีชมพู | E3: =_xlfn.XLOOKUP(F3,prod_her!$B$2:$B$4,prod_her!$A$2:$A$4,"not found") -> her001 | F3: เซนเที่ยม
A4: c001 | B4: ws002 | C4: =_xlfn.XLOOKUP(D4,ref!$B$2:$B$12,ref!$A$2:$A$12,"not found") -> w001 | D4: หญ้าข้าวนก | E4: =_xlfn.XLOOKUP(F4,prod_her!$B$2:$B$4,prod_her!$A$2:$A$4,"not found") -> her001 | F4: เซนเที่ยม
A5: c001 | B5: ws002 | C5: =_xlfn.XLOOKUP(D5,ref!$B$2:$B$12,ref!$A$2:$A$12,"not found") -> w002 | D5: หญ้าดอกขาว | E5: =_xlfn.XLOOKUP(F5,prod_her!$B$2:$B$4,prod_her!$A$2:$A$4,"not found") -> her001 | F5: เซนเที่ยม
A6: c001 | B6: ws002 | C6: =_xlfn.XLOOKUP(D6,ref!$B$2:$B$12,ref!$A$2:$A$12,"not found") -> w009 | D6: ผักปอดนา | E6: =_xlfn.XLOOKUP(F6,prod_her!$B$2:$B$4,prod_her!$A$2:$A$4,"not found") -> her001 | F6: เซนเที่ยม
A7: c001 | B7: ws002 | C7: =_xlfn.XLOOKUP(D7,ref!$B$2:$B$12,ref!$A$2:$A$12,"not found") -> w010 | D7: เทียนนา | E7: =_xlfn.XLOOKUP(F7,prod_her!$B$2:$B$4,prod_her!$A$2:$A$4,"not found") -> her001 | F7: เซนเที่ยม
A8: c001 | B8: ws002 | C8: =_xlfn.XLOOKUP(D8,ref!$B$2:$B$12,ref!$A$2:$A$12,"not found") -> w005 | D8: กกทราย | E8: =_xlfn.XLOOKUP(F8,prod_her!$B$2:$B$4,prod_her!$A$2:$A$4,"not found") -> her001 | F8: เซนเที่ยม
A9: c001 | B9: ws002 | C9: =_xlfn.XLOOKUP(D9,ref!$B$2:$B$12,ref!$A$2:$A$12,"not found") -> w006 | D9: กกขนาก | E9: =_xlfn.XLOOKUP(F9,prod_her!$B$2:$B$4,prod_her!$A$2:$A$4,"not found") -> her001 | F9: เซนเที่ยม
A10: c001 | B10: ws002 | C10: =_xlfn.XLOOKUP(D10,ref!$B$2:$B$12,ref!$A$2:$A$12,"not found") -> w007 | D10: หนวดปลาดุก | E10: =_xlfn.XLOOKUP(F10,prod_her!$B$2:$B$4,prod_her!$A$2:$A$4,"not found") -> her001 | F10: เซนเที่ยม
A11: c001 | B11: ws001 | C11: =_xlfn.XLOOKUP(D11,ref!$B$2:$B$12,ref!$A$2:$A$12,"not found") -> w011 | D11: ข้าววัชพืช | E11: =_xlfn.XLOOKUP(F11,prod_her!$B$2:$B$4,prod_her!$A$2:$A$4,"not found") -> her002 | F11: frontier-p
A12: c001 | B12: ws001 | C12: =_xlfn.XLOOKUP(D12,ref!$B$2:$B$12,ref!$A$2:$A$12,"not found") -> w004 | D12: หญ้ากระดูกไก่ | E12: =_xlfn.XLOOKUP(F12,prod_her!$B$2:$B$4,prod_her!$A$2:$A$4,"not found") -> her002 | F12: frontier-p
A13: c001 | B13: ws001 | C13: =_xlfn.XLOOKUP(D13,ref!$B$2:$B$12,ref!$A$2:$A$12,"not found") -> w001 | D13: หญ้าข้าวนก | E13: =_xlfn.XLOOKUP(F13,prod_her!$B$2:$B$4,prod_her!$A$2:$A$4,"not found") -> her002 | F13: frontier-p
... A28: c001 | B28: ws003 | C28: =_xlfn.XLOOKUP(D28,ref!$B$2:$B$12,ref!$A$2:$A$12,"not found") -> w008 | D28: แห้วหมู | E28: =_xlfn.XLOOKUP(F28,prod_her!$B$2:$B$4,prod_her!$A$2:$A$4,"not found") -> her003 | F28: bramus

Sheet prod_ins
A1: ins_id | B1: trade_name | C1: company | D1: common_name | E1: concentration | F1: formulation_type | G1: hrac_code | H1: tier
A2: ins001 | B2: คิวเทอร์ | C2: SHK | D2: imidacloprid+lambda-cyhalothrin | E2: 16%+12%W/V | F2: SC | G2: 4A+3A | H2: mid-tier
A3: ins002 | B3: โดรนพลัส | C3: SHK | D3: profenofos+lufenuron | E3: 50%+5%W/V | F3: EC | G3: 1B+15 | H3: generic
A4: ins003 | B4: ออสเรียม | C4: SHK | D4: emamectin benzoate+lufenuron | E4: 10%+40% | F4: WG | G4: 6+15 | H4: generic

Sheet pest_ins
A1: crop_id | B1: pest_id | C1: pest_name_th | D1: ins_id | E1: trade_name
A2: c001 | B2: =_xlfn.XLOOKUP(C2,crop_pest!$D$2:$D$13,crop_pest!$B$2:$B$13,"not found") -> p001 | C2: เพลี้ยไฟข้าว | D2: =_xlfn.XLOOKUP(E2,prod_ins!$B$2:$B$4,prod_ins!$A$2:$A$4,"not found") -> ins001 | E2: คิวเทอร์
A3: c001 | B3: =_xlfn.XLOOKUP(C3,crop_pest!$D$2:$D$13,crop_pest!$B$2:$B$13,"not found") -> p009 | C3: แมลงหล่า | D3: =_xlfn.XLOOKUP(E3,prod_ins!$B$2:$B$4,prod_ins!$A$2:$A$4,"not found") -> ins001 | E3: คิวเทอร์
A4: c001 | B4: =_xlfn.XLOOKUP(C4,crop_pest!$D$2:$D$13,crop_pest!$B$2:$B$13,"not found") -> p010 | C4: แมลงสิง | D4: =_xlfn.XLOOKUP(E4,prod_ins!$B$2:$B$4,prod_ins!$A$2:$A$4,"not found") -> ins001 | E4: คิวเทอร์
A5: c001 | B5: =_xlfn.XLOOKUP(C5,crop_pest!$D$2:$D$13,crop_pest!$B$2:$B$13,"not found") -> p004 | C5: แมลงบั่ว | D5: =_xlfn.XLOOKUP(E5,prod_ins!$B$2:$B$4,prod_ins!$A$2:$A$4,"not found") -> ins001 | E5: คิวเทอร์
A6: c001 | B6: =_xlfn.XLOOKUP(C6,crop_pest!$D$2:$D$13,crop_pest!$B$2:$B$13,"not found") -> p012 | C6: แมลงหวี่ขาว | D6: =_xlfn.XLOOKUP(E6,prod_ins!$B$2:$B$4,prod_ins!$A$2:$A$4,"not found") -> ins001 | E6: คิวเทอร์
A7: c001 | B7: =_xlfn.XLOOKUP(C7,crop_pest!$D$2:$D$13,crop_pest!$B$2:$B$13,"not found") -> p003 | C7: หนอนกระทู้กล้า | D7: =_xlfn.XLOOKUP(E7,prod_ins!$B$2:$B$4,prod_ins!$A$2:$A$4,"not found") -> ins002 | E7: โดรนพลัส
A8: c001 | B8: =_xlfn.XLOOKUP(C8,crop_pest!$D$2:$D$13,crop_pest!$B$2:$B$13,"not found") -> p007 | C8: หนอนกอข้าว | D8: =_xlfn.XLOOKUP(E8,prod_ins!$B$2:$B$4,prod_ins!$A$2:$A$4,"not found") -> ins002 | E8: โดรนพลัส
A9: c001 | B9: =_xlfn.XLOOKUP(C9,crop_pest!$D$2:$D$13,crop_pest!$B$2:$B$13,"not found") -> p006 | C9: หนอนห่อใบข้าว | D9: =_xlfn.XLOOKUP(E9,prod_ins!$B$2:$B$4,prod_ins!$A$2:$A$4,"not found") -> ins002 | E9: โดรนพลัส
A10: c001 | B10: =_xlfn.XLOOKUP(C10,crop_pest!$D$2:$D$13,crop_pest!$B$2:$B$13,"not found") -> p004 | C10: แมลงบั่ว | D10: =_xlfn.XLOOKUP(E10,prod_ins!$B$2:$B$4,prod_ins!$A$2:$A$4,"not found") -> ins002 | E10: โดรนพลัส
A11: c001 | B11: =_xlfn.XLOOKUP(C11,crop_pest!$D$2:$D$13,crop_pest!$B$2:$B$13,"not found") -> p003 | C11: หนอนกระทู้กล้า | D11: =_xlfn.XLOOKUP(E11,prod_ins!$B$2:$B$4,prod_ins!$A$2:$A$4,"not found") -> ins003 | E11: ออสเรียม
A12: c001 | B12: =_xlfn.XLOOKUP(C12,crop_pest!$D$2:$D$13,crop_pest!$B$2:$B$13,"not found") -> p006 | C12: หนอนห่อใบข้าว | D12: =_xlfn.XLOOKUP(E12,prod_ins!$B$2:$B$4,prod_ins!$A$2:$A$4,"not found") -> ins003 | E12: ออสเรียม
A13: c001 | B13: =_xlfn.XLOOKUP(C13,crop_pest!$D$2:$D$13,crop_pest!$B$2:$B$13,"not found") -> p007 | C13: หนอนกอข้าว | D13: =_xlfn.XLOOKUP(E13,prod_ins!$B$2:$B$4,prod_ins!$A$2:$A$4,"not found") -> ins003 | E13: ออสเรียม
A14: c001 | B14: =_xlfn.XLOOKUP(C14,crop_pest!$D$2:$D$13,crop_pest!$B$2:$B$13,"not found") -> p011 | C14: หนอนกระทู้คอรวง | D14: =_xlfn.XLOOKUP(E14,prod_ins!$B$2:$B$4,prod_ins!$A$2:$A$4,"not found") -> ins003 | E14: ออสเรียม

Sheet prod_fun
A1: fun_id | B1: trade_name | C1: company | D1: common_name | E1: concentration | F1: formulation_type | G1: hrac_code | H1: tier
A2: fun001 | B2: เทรนนิว | C2: SHK | D2: pyraclostrobin | E2: 25%W/V | F2: EC | G2: C11 | H2: generic
A3: fun002 | B3: ทานชิ | C3: SHK | D3: thiophanate-methyl | E3: 50%W/V | F3: SC | G3: B1 | H3: premium
A4: fun003 | B4: ไตร-เบส บลู | C4: SHK | D4: copper sulfate | E4: 34.5%W/V | F4: SC | G4: M01 | H4: premium
A5: fun004 | B5: แบคทรอล | C5: SHK | D5: gentamicin sulfate+oxytetracyclin hydrochloride | E5: 2%+6% | F5: WP | G5: C1+CD5 | H5: premium

Sheet disease_fun
A1: crop_id | B1: disease_id | C1: disease_name_th | D1: fun_id | E1: trade_name
A2: c001 | B2: =_xlfn.XLOOKUP(C2,ref!$H$2:$H$19,ref!$G$2:$G$19,"not found") -> d001 | C2: โรคไหม้ | D2: =_xlfn.XLOOKUP(E2,prod_fun!$B$2:$B$5,prod_fun!$A$2:$A$5,"not found") -> fun001 | E2: เทรนนิว
A3: c001 | B3: =_xlfn.XLOOKUP(C3,ref!$H$2:$H$19,ref!$G$2:$G$19,"not found") -> d002 | C3: โรคใบจุดสีน้ำตาล | D3: =_xlfn.XLOOKUP(E3,prod_fun!$B$2:$B$5,prod_fun!$A$2:$A$5,"not found") -> fun001 | E3: เทรนนิว
A4: c001 | B4: =_xlfn.XLOOKUP(C4,ref!$H$2:$H$19,ref!$G$2:$G$19,"not found") -> d003 | C4: โรคใบขีดสีน้ำตาล | D4: =_xlfn.XLOOKUP(E4,prod_fun!$B$2:$B$5,prod_fun!$A$2:$A$5,"not found") -> fun001 | E4: เทรนนิว
A5: c001 | B5: =_xlfn.XLOOKUP(C5,ref!$H$2:$H$19,ref!$G$2:$G$19,"not found") -> d004 | C5: โรคเมล็ดด่าง | D5: =_xlfn.XLOOKUP(E5,prod_fun!$B$2:$B$5,prod_fun!$A$2:$A$5,"not found") -> fun001 | E5: เทรนนิว
A6: c001 | B6: =_xlfn.XLOOKUP(C6,ref!$H$2:$H$19,ref!$G$2:$G$19,"not found") -> d005 | C6: โรคกาบใบแห้ง | D6: =_xlfn.XLOOKUP(E6,prod_fun!$B$2:$B$5,prod_fun!$A$2:$A$5,"not found") -> fun001 | E6: เทรนนิว
A7: c001 | B7: =_xlfn.XLOOKUP(C7,ref!$H$2:$H$19,ref!$G$2:$G$19,"not found") -> d006 | C7: โรคกาบใบเน่า | D7: =_xlfn.XLOOKUP(E7,prod_fun!$B$2:$B$5,prod_fun!$A$2:$A$5,"not found") -> fun001 | E7: เทรนนิว
A8: c001 | B8: =_xlfn.XLOOKUP(C8,ref!$H$2:$H$19,ref!$G$2:$G$19,"not found") -> d007 | C8: โรคดอกกระถิน | D8: =_xlfn.XLOOKUP(E8,prod_fun!$B$2:$B$5,prod_fun!$A$2:$A$5,"not found") -> fun001 | E8: เทรนนิว
A9: c001 | B9: =_xlfn.XLOOKUP(C9,ref!$H$2:$H$19,ref!$G$2:$G$19,"not found") -> d001 | C9: โรคไหม้ | D9: =_xlfn.XLOOKUP(E9,prod_fun!$B$2:$B$5,prod_fun!$A$2:$A$5,"not found") -> fun002 | E9: ทานชิ
A10: c001 | B10: =_xlfn.XLOOKUP(C10,ref!$H$2:$H$19,ref!$G$2:$G$19,"not found") -> d002 | C10: โรคใบจุดสีน้ำตาล | D10: =_xlfn.XLOOKUP(E10,prod_fun!$B$2:$B$5,prod_fun!$A$2:$A$5,"not found") -> fun002 | E10: ทานชิ
A11: c001 | B11: =_xlfn.XLOOKUP(C11,ref!$H$2:$H$19,ref!$G$2:$G$19,"not found") -> d003 | C11: โรคใบขีดสีน้ำตาล | D11: =_xlfn.XLOOKUP(E11,prod_fun!$B$2:$B$5,prod_fun!$A$2:$A$5,"not found") -> fun002 | E11: ทานชิ
A12: c001 | B12: =_xlfn.XLOOKUP(C12,ref!$H$2:$H$19,ref!$G$2:$G$19,"not found") -> d004 | C12: โรคเมล็ดด่าง | D12: =_xlfn.XLOOKUP(E12,prod_fun!$B$2:$B$5,prod_fun!$A$2:$A$5,"not found") -> fun002 | E12: ทานชิ
A13: c001 | B13: =_xlfn.XLOOKUP(C13,ref!$H$2:$H$19,ref!$G$2:$G$19,"not found") -> d005 | C13: โรคกาบใบแห้ง | D13: =_xlfn.XLOOKUP(E13,prod_fun!$B$2:$B$5,prod_fun!$A$2:$A$5,"not found") -> fun002 | E13: ทานชิ
... A19: c001 | B19: =_xlfn.XLOOKUP(C19,ref!$H$2:$H$19,ref!$G$2:$G$19,"not found") -> d009 | C19: โรคใบขีดโปร่งแสง | D19: =_xlfn.XLOOKUP(E19,prod_fun!$B$2:$B$5,prod_fun!$A$2:$A$5,"not found") -> fun004 | E19: แบคทรอล

Sheet prod_fer
A1: fer_id | B1: brand | C1: formula | D1: tier
A2: fer001 | B2: พีรามิด | C2: 20-10-10 | D2: premium
A3: fer002 | B3: พีรามิด | C3: 15-15-15 | D3: premium
A4: fer003 | B4: พีรามิด | C4: 20-20-0 | D4: premium
A5: fer004 | B5: พีรามิด | C5: 13-10-20 | D5: premium
A6: fer005 | B6: พีรามิด | C6: 12-12-17 | D6: premium
A7: fer006 | B7: entec | C7: 12-12-17 | D7: premium
A8: fer007 | B8: พีรามิด-เอส | C8: 20-20-0 | D8: premium
A9: fer008 | B9: พีรามิด-เอส | C9: 16-16-16 | D9: premium
A10: fer009 | B10: พีรามิด-เอส | C10: 19-4-19 | D10: premium
A11: fer010 | B11: คอร์น คาลี | C11: 0-0-40 | D11: premium
A12: fer011 | B12: blaukorn | C12: 24-5-5 | D12: premium
... A16: fer015 | B16: โซลูเทค | C16: 16-16-16 | D16: premium

Sheet fertilizer
A1: crop_id | B1: stage_id | C1: fer_id | D1: formula | E1: brand | F1: company | G1: stage | H1: type
A2: c001 | B2: fs002 | C2: fer007 | D2: 20-20-0 | E2: พีรามิด-เอส | F2: SHK | G2: 2nd application | H2: granular
A3: c001 | B3: fs002 | C3: fer003 | D3: 20-20-0 | E3: พีรามิด | F3: SHK | G3: 2nd application | H3: granular
A4: c001 | B4: fs003 | C4: fer008 | D4: 16-16-16 | E4: พีรามิด-เอส | F4: SHK | G4: 3rd application | H4: granular
A5: c001 | B5: fs003 | C5: fer002 | D5: 15-15-15 | E5: พีรามิด | F5: SHK | G5: 3rd application | H5: granular
A6: c001 | B6: fs003 | C6: fer004 | D6: 13-10-20 | E6: พีรามิด | F6: SHK | G6: 3rd application | H6: granular
A7: c001 | B7: fs003 | C7: fer005 | D7: 12-12-17 | E7: พีรามิด | F7: SHK | G7: 3rd application | H7: granular

Sheet crop_ref
A1: crop_id | B1: crop
A2: c001 | B2: rice(120 days)
A3: c002 | B3: rice(100 days)
A4: c003 | B4: durian (new tree)
A5: c004 | B5: durian (bearing tree)

Sheet ref
A1: rice (120 days) | K1: fertilizer | O1: chemical_name
A2: w001 | B2: หญ้าข้าวนก | D2: p001 | E2: เพลี้ยไฟข้าว | G2: d001 | H2: โรคไหม้ | O2: 1-naphthylaceticacid
A3: w002 | B3: หญ้าดอกขาว | D3: p002 | E3: หอยเชอรี่ | G3: d002 | H3: โรคใบจุดสีน้ำตาล | K3: brand | L3: formula | O3: 2-amino-4,5-dihydro-6-methyl-4-propyl-triazole-[1,5-a]pyrimidin-5-one
A4: w003 | B4: หญ้านกสีชมพู | D4: p003 | E4: หนอนกระทู้กล้า | G4: d003 | H4: โรคใบขีดสีน้ำตาล | K4: พีรามิด | L4: 20-10-10 | O4: 2,4-d-butyl
A5: w004 | B5: หญ้ากระดูกไก่ | D5: p004 | E5: แมลงบั่ว | G5: d004 | H5: โรคเมล็ดด่าง | K5: พีรามิด | L5: 15-15-15 | O5: 2,4-d-dimethylammonium
A6: w005 | B6: กกทราย | D6: p005 | E6: แมลงดำหนาม | G6: d005 | H6: โรคกาบใบแห้ง | K6: พีรามิด | L6: 20-20-0 | O6: 2,4-d-isobutyl
A7: w006 | B7: กกขนาก | D7: p006 | E7: หนอนห่อใบข้าว | G7: d006 | H7: โรคกาบใบเน่า | K7: พีรามิด | L7: 13-10-20 | O7: 2,4-d-sodium
A8: w007 | B8: หนวดปลาดุก | D8: p007 | E8: หนอนกอข้าว | G8: d007 | H8: โรคดอกกระถิน | K8: พีรามิด | L8: 12-12-17 | O8: 2,4-d-sodium+diuron+dsma
A9: w008 | B9: แห้วหมู | D9: p008 | E9: เพลี้ยกระโดดสีน้ำตาล | G9: d008 | H9: โรคขอบใบแห้ง | K9: entec | L9: 12-12-17 | O9: 2,4-d-triisopropanolaminesalt+picloram
A10: w009 | B10: ผักปอดนา | D10: p009 | E10: แมลงหล่า | G10: d009 | H10: โรคใบขีดโปร่งแสง | K10: พีรามิด-เอส | L10: 20-20-0 | O10: 2,4-dbutylester
A11: w010 | B11: เทียนนา | D11: p010 | E11: แมลงสิง | K11: พีรามิด-เอส | L11: 16-16-16 | O11: 4-methyl-5-nonanone
A12: w011 | B12: ข้าววัชพืช | D12: p011 | E12: หนอนกระทู้คอรวง | K12: พีรามิด-เอส | L12: 19-4-19 | O12: abamectin
D13: p012 | E13: แมลงหวี่ขาว | K13: คอร์น คาลี | L13: 0-0-40 | O13: abamectin+chlorantraniliprole
K14: blaukorn | L14: 24-5-5 | O14: abamectin+thiamethoxam
K15: floranid | L15: 20-5-8 | O15: acephate
A16: product tier | K16: EasyStart | L16: 11-48-0 | O16: acetamiprid
A17: premium | K17: พีรามิด-โกร | L17: 8-24-24 | O17: acetamiprid+abamectin
A18: mid-tier | K18: โซลูเทค | L18: 16-16-16 | O18: acetamiprid+novaluron
A19: generic | O19: acetochlor
O20: alachlor
O21: albesilate
O22: alpha-cypermethrin
O23: alpha-naphthylaceticacid
O24: aluminiumphosphide
O25: aluminumphosphide
O26: ametoctradin
O27: ametryn
O28: ametryn+atrazine
O29: amicarbazone
O30: aminopyralid
O31: aminopyralidpotassium+triclopyrbutoxyethylester
... O479: ziram
