Workbook

Sheet crop_stage
A1: crop_id | B1: crop | C1: stage | D1: stage_th | E1: start_day | F1: end_day
A2: c001 | B2: rice(120 days) | C2: Seedling Stage | D2: ระยะกล้า | E2: 0 | F2: 25
A3: c001 | B3: rice(120 days) | C3: Tillering | D3: ระยะแตกกอ | E3: 26 | F3: 60
A4: c001 | B4: rice(120 days) | C4: Heading&Flowering | D4: ระยะตั้งท้องออกรวง | E4: 61 | F4: 90
A5: c001 | B5: rice(120 days) | C5: Panicle Initiation & Booting Stage | D5: ระยะน้ำนมและเก็บเกี่ยว | E5: 91 | F5: 120
A11: c002 | B11: rice(100 days) | C11: Seedling Stage | D11: ระยะกล้า | E11: 0 | F11: 17
A12: c002 | B12: rice(100 days) | C12: Tillering | D12: ระยะแตกกอ | E12: 18 | F12: 38
A13: c002 | B13: rice(100 days) | C13: Stem Elongation | D13: ระยะยืดลำต้น | E13: 39 | F13: 50
A14: c002 | B14: rice(100 days) | C14: Panicle Initiation & Booting Stage | D14: ระยะเริ่มสร้างช่อดอกและระยะบูต | E14: 51 | F14: 63
A15: c002 | B15: rice(100 days) | C15: Heading | D15: ระยะออกรวง | E15: 64 | F15: 71
A16: c002 | B16: rice(100 days) | C16: Flowering (Anthesis) | D16: ระยะออกดอก | E16: 72 | F16: 75
A17: c002 | B17: rice(100 days) | C17: Milk Stage | D17: ระยะน้ำนม | E17: 76 | F17: 88
A18: c002 | B18: rice(100 days) | C18: Dough Stage | D18: ระยะแป้ง | E18: 89 | F18: 96
... A38: c004 | B38: durian (bearing tree) | C38: Harvest | D38: ระยะเก็บเกี่ยว | E38: 421 | F38: 435

Sheet crop_weeds
A1: crop_id | B1: ws_id | C1: weed_stage | D1: weed_id | E1: weed_name_en | F1: weed_name_th | G1: weed_science | H1: type | I1: start_day | J1: end_day
A2: c001 | B2: ws001 | C2: pre-emergence | D2: w001 | E2: barnyard grass | F2: หญ้าข้าวนก | G2: Echinochloa crus-galli (L.) Beauv. | H2: grass | I2: 0 | J2: 2
A3: c001 | B3: ws001 | C3: pre-emergence | D3: w002 | E3: sprangletop | F3: หญ้าดอกขาว | G3: Leptochloa chinensis (L.) Nees | H3: grass | I3: 0 | J3: 2
A4: c001 | B4: ws001 | C4: pre-emergence | D4: w003 | E4: jungle rice | F4: หญ้านกสีชมพู | G4: Echinochloa colona (L.) Link | H4: grass | I4: 0 | J4: 2
A5: c001 | B5: ws001 | C5: pre-emergence | D5: w004 | E5: wrinkle duck-beak | F5: หญ้ากระดูกไก่ | G5: Ischaemum rugosum Salisb. | H5: grass | I5: 0 | J5: 2
A6: c001 | B6: ws001 | C6: pre-emergence | D6: w005 | E6: umbrella sedge | F6: กกทราย | G6: Cyperus iria L. | H6: sedge | I6: 0 | J6: 2
A7: c001 | B7: ws001 | C7: pre-emergence | D7: w006 | E7: smallflower umbrella sedge | F7: กกขนาก | G7: Cyperus difformis L. | H7: sedge | I7: 0 | J7: 2
A8: c001 | B8: ws001 | C8: pre-emergence | D8: w007 | E8: grass-like fimbristylis | F8: หนวดปลาดุก | G8: Fimbristylis miliacea (L.) Vahl. | H8: sedge | I8: 0 | J8: 2
A9: c001 | B9: ws001 | C9: pre-emergence | D9: w008 | E9: purple nut sedge | F9: แห้วหมู | G9: Cyperus rotundus L. | H9: sedge | I9: 0 | J9: 2
A10: c001 | B10: ws001 | C10: pre-emergence | D10: w009 | E10: goose weed | F10: ผักปอดนา | G10: Sphenoclea zeylanica Gaertn. | H10: broadleaf | I10: 0 | J10: 2
A11: c001 | B11: ws001 | C11: pre-emergence | D11: w010 | E11: seedbox | F11: เทียนนา | G11: Ludwigia hyssopifolia (G.Don) Exell | H11: broadleaf | I11: 0 | J11: 2
A12: c001 | B12: ws001 | C12: pre-emergence | D12: w011 | E12: weedy rice | F12: ข้าววัชพืช | G12: Oryza sativa complex | H12: grass | I12: 0 | J12: 2
A13: c001 | B13: ws002 | C13: early-post emergence | D13: w001 | E13: barnyard grass | F13: หญ้าข้าวนก | G13: Echinochloa crus-galli (L.) Beauv. | H13: grass | I13: 7 | J13: 10
... A27: c001 | B27: ws003 | C27: late-post emergence | D27: w004 | E27: wrinkle duck-beak | F27: หญ้ากระดูกไก่ | G27: Ischaemum rugosum Salisb. | H27: grass | I27: 25 | J27: 30
A28: c001 | B28: ws003 | C28: late-post emergence | D28: w005 | E28: umbrella sedge | F28: กกทราย | G28: Cyperus iria L. | H28: sedge | I28: 25 | J28: 30 | U28: kum lane | V28: buthachor | W28: 1
A29: c001 | B29: ws003 | C29: late-post emergence | D29: w006 | E29: smallflower umbrella sedge | F29: กกขนาก | G29: Cyperus difformis L. | H29: sedge | I29: 25 | J29: 30 | V29: pethilacor
A30: c001 | B30: ws003 | C30: late-post emergence | D30: w007 | E30: grass-like fimbristylis | F30: หนวดปลาดุก | G30: Fimbristylis miliacea (L.) Vahl. | H30: sedge | I30: 25 | J30: 30
A31: c001 | B31: ws003 | C31: late-post emergence | D31: w008 | E31: purple nut sedge | F31: แห้วหมู | G31: Cyperus rotundus L. | H31: sedge | I31: 25 | J31: 30 | U31: kum kar | V31: pendi | W31: 7 | X31: 10
A32: c001 | B32: ws003 | C32: late-post emergence | D32: w009 | E32: goose weed | F32: ผักปอดนา | G32: Sphenoclea zeylanica Gaertn. | H32: broadleaf | I32: 25 | J32: 30 | V32: buthachor+propanil
A33: c001 | B33: ws003 | C33: late-post emergence | D33: w010 | E33: seedbox | F33: เทียนนา | G33: Ludwigia hyssopifolia (G.Don) Exell | H33: broadleaf | I33: 25 | J33: 30 | V33: tetris, pyzero(not work) >> methameflop
A34: c001 | B34: ws003 | C34: late-post emergence | D34: w011 | E34: weedy rice | F34: ข้าววัชพืช | G34: Oryza sativa complex | H34: grass | I34: 25 | J34: 30 | V34: royant
U38: cheed geb | V38: tetris,pyzero | W38: 25 | X38: 35
V39: pyribetoxim
V40: peoxsulam+cyhaloflop
V41: royant
V42: bisbaribac sodium

Sheet crop_pest
A1: crop_id | B1: pest_id | C1: pest_name_en | D1: pest_name_th | E1: order | F1: start_day | G1: end_day | H1: rank
A2: c001 | B2: p001 | C2: Rice thrips | D2: เพลี้ยไฟข้าว | E2: Thysanoptera | F2: 0 | G2: 15 | H2: 1
A3: c001 | B3: p002 | C3: Golden apple snail | D3: หอยเชอรี่ | E3: Gastropoda | F3: 4 | G3: 20 | H3: 2
A4: c001 | B4: p003 | C4: Rice seedling armyworm | D4: หนอนกระทู้กล้า | E4: Lepidoptera | F4: 0 | G4: 20 | H4: 5
A5: c001 | B5: p004 | C5: Rice gall midge | D5: แมลงบั่ว | E5: Diptera | F5: 5 | G5: 45 | H5: 10
A6: c001 | B6: p005 | C6: Rice hispa | D6: แมลงดำหนาม | E6: Coleoptera | F6: 10 | G6: 60 | H6: 12
A7: c001 | B7: p006 | C7: Rice leaffolder | D7: หนอนห่อใบข้าว | E7: Lepidoptera | F7: 21 | G7: 120 | H7: 3
A8: c001 | B8: p007 | C8: Rice stem borer | D8: หนอนกอข้าว | E8: Lepidoptera | F8: 21 | G8: 120 | H8: 4
A9: c001 | B9: p008 | C9: Brown planthopper | D9: เพลี้ยกระโดดสีน้ำตาล | E9: Hemiptera | F9: 10 | G9: 120 | H9: 6
A10: c001 | B10: p009 | C10: Rice black bug | D10: แมลงหล่า | E10: Hemiptera | F10: 76 | G10: 120 | H10: 8
A11: c001 | B11: p010 | C11: Rice ear bug | D11: แมลงสิง | E11: Hemiptera | F11: 20 | G11: 120 | H11: 9
A12: c001 | B12: p011 | C12: Rice ear-cutting caterpillar | D12: หนอนกระทู้คอรวง | E12: Lepidoptera | F12: 80 | G12: 120 | H12: 7
A13: c001 | B13: p012 | C13: Whitefly | D13: แมลงหวี่ขาว | E13: Hemiptera | F13: 21 | G13: 120 | H13: 11
A14: c002 | B14: p001 | C14: Rice thrips | D14: เพลี้ยไฟข้าว | E14: Thysanoptera | F14: 0 | G14: 17
A15: c002 | B15: p002 | C15: Golden apple snail | D15: หอยเชอรี่ | E15: Gastropoda | F15: 0 | G15: 25
A16: c002 | B16: p003 | C16: Rice seedling armyworm | D16: หนอนกระทู้กล้า | E16: Lepidoptera | F16: 0 | G16: 25
A17: c002 | B17: p004 | C17: Rice gall midge | D17: แมลงบั่ว | E17: Diptera | F17: 10 | G17: 50
A18: c002 | B18: p005 | C18: Rice hispa | D18: แมลงดำหนาม | E18: Coleoptera | F18: 10 | G18: 50
A19: c002 | B19: p006 | C19: Rice leaffolder | D19: หนอนห่อใบข้าว | E19: Lepidoptera | F19: 10 | G19: 120
A20: c002 | B20: p007 | C20: Rice stem borer | D20: หนอนกอข้าว | E20: Lepidoptera | F20: 20 | G20: 120
A21: c002 | B21: p008 | C21: Brown planthopper | D21: เพลี้ยกระโดดสีน้ำตาล | E21: Hemiptera | F21: 10 | G21: 120
A22: c002 | B22: p009 | C22: Rice black bug | D22: แมลงหล่า | E22: Hemiptera | F22: 20 | G22: 120
A23: c002 | B23: p010 | C23: Rice ear bug | D23: แมลงสิง | E23: Hemiptera | F23: 20 | G23: 120
A24: c002 | B24: p011 | C24: Rice ear-cutting caterpillar | D24: หนอนกระทู้คอรวง | E24: Lepidoptera | F24: 80 | G24: 120
A25: c002 | B25: p012 | C25: Whitefly | D25: แมลงหวี่ขาว | E25: Hemiptera | F25: 0 | G25: 50
... A52: c004 | B52: p012 | C52: African red mite | D52: ไรแดงแอฟริกัน | E52: Acari | F52: 30 | G52: 180
L54: ins | M54: fung
J55: 25 | K55: 30 | L55: fipronil | M55: carbendazim
J56: 45 | K56: 50 | M56: trend new ,bactrol
J57: 76 | K57: 85 | L57: fipronil, clofenaphyr | M57: trend new ,bactrol

Sheet crop_disease
A1: crop_id | B1: disease_id | C1: disease_name_en | D1: disease_name_th | E1: disease_name_sc | F1: type | G1: start_day | H1: end_day
A2: c001 | B2: d001 | C2: Rice Blast | D2: โรคไหม้ | E2: Magnaporthe oryzae | F2: Fungus | G2: 0 | H2: 120
A3: c001 | B3: d002 | C3: Brown Spot | D3: โรคใบจุดสีน้ำตาล | E3: Bipolaris oryzae | F3: Fungus | G3: 30 | H3: 120
A4: c001 | B4: d003 | C4: Narrow Brown Spot | D4: โรคใบขีดสีน้ำตาล | E4: Cercospora janseana (syn. C. oryzae) | F4: Fungus | G4: 30 | H4: 120
A5: c001 | B5: d004 | C5: Dirty Panicle | D5: โรคเมล็ดด่าง | E5: Complex: Bipolaris spp., Curvularia spp., Fusarium spp., Sarocladium oryzae | F5: Fungus (complex) | G5: 90 | H5: 120
A6: c001 | B6: d005 | C6: Sheath Blight | D6: โรคกาบใบแห้ง | E6: Rhizoctonia solani | F6: Fungus | G6: 0 | H6: 120
A7: c001 | B7: d006 | C7: Sheath Rot | D7: โรคกาบใบเน่า | E7: Sarocladium oryzae | F7: Fungus | G7: 60 | H7: 120
A8: c001 | B8: d007 | C8: False Smut | D8: โรคดอกกระถิน | E8: Ustilaginoidea virens | F8: Fungus | G8: 90 | H8: 120
A9: c001 | B9: d008 | C9: Bacterial Leaf Blight | D9: โรคขอบใบแห้ง | E9: Xanthomonas oryzae pv. oryzae | F9: Bacterium | G9: 60 | H9: 120
A10: c001 | B10: d009 | C10: Bacterial Leaf Streak | D10: โรคใบขีดโปร่งแสง | E10: Xanthomonas oryzae pv. oryzicola | F10: Bacterium | G10: 60 | H10: 120

Sheet weed_her
A1: crop_id | B1: ws_id | C1: weed_id | D1: weed_name_en | E1: weed_name_th | F1: common_name | G1: hrac_code | H1: efficiency
A2: c001 | B2: ws001 | C2: w001 | D2: barnyard grass | E2: หญ้าข้าวนก | F2: pretilachlor | G2: 15K3 | H2: Moderate
A3: c001 | B3: ws001 | C3: w002 | D3: sprangletop | E3: หญ้าดอกขาว | F3: pretilachlor | G3: 15K3 | H3: Moderate
A4: c001 | B4: ws001 | C4: w001 | D4: barnyard grass | E4: หญ้าข้าวนก | F4: butachlor | G4: 15K3 | H4: Moderate
A5: c001 | B5: ws001 | C5: w002 | D5: sprangletop | E5: หญ้าดอกขาว | F5: butachlor | G5: 15K3 | H5: Moderate
A6: c001 | B6: ws011 | C6: w002 | D6: weedy rice | E6: ข้าววัชพืช | F6: butachlor | G6: 15K3 | H6: Moderate
A7: c001 | B7: ws001 | C7: w001 | D7: barnyard grass | E7: หญ้าข้าวนก | F7: dimethenamid | G7: 15K3 | H7: Moderate
A8: c001 | B8: ws001 | C8: w002 | D8: sprangletop | E8: หญ้าดอกขาว | F8: dimethenamid | G8: 15K3 | H8: Moderate
A9: c001 | B9: ws001 | C9: w011 | D9: weedy rice | E9: ข้าววัชพืช | F9: dimethenamid | G9: 15K3 | H9: Moderate
A10: c001 | B10: ws002 | C10: w001 | D10: barnyard grass | E10: หญ้าข้าวนก | F10: pendimethalin | G10: 3K1 | H10: Moderate
A11: c001 | B11: ws002 | C11: w003 | D11: jungle rice | E11: หญ้านกสีชมพู | F11: pendimethalin | G11: 3K1 | H11: Moderate
A12: c001 | B12: ws002 | C12: w004 | D12: wrinkle duck-beak | E12: หญ้ากระดูกไก่ | F12: pendimethalin | G12: 3K1 | H12: Moderate
... A86: c001 | B86: ws003 | C86: w010 | D86: seedbox | E86: เทียนนา | F86: penoxsulam+cyhalofop-butyl | G86: 2B+1A | H86: Moderate
A87: c001 | B87: ws002 | C87: =_xlfn.XLOOKUP(E87,crop_weeds!$F$2:$F$23,crop_weeds!$D$2:$D$23) -> w002 | D87: =_xlfn.XLOOKUP(E87,crop_weeds!$F$2:$F$23,crop_weeds!$E$2:$E$23,"not found") -> sprangletop | E87: หญ้าดอกขาว | F87: fenoxaprop-p-ethyl | G87: 1A | H87: Moderate
A88: c001 | B88: ws002 | C88: =_xlfn.XLOOKUP(E88,crop_weeds!$F$2:$F$23,crop_weeds!$D$2:$D$23) -> w001 | D88: =_xlfn.XLOOKUP(E88,crop_weeds!$F$2:$F$23,crop_weeds!$E$2:$E$23,"not found") -> barnyard grass | E88: หญ้าข้าวนก | F88: fenoxaprop-p-ethyl | G88: 1A | H88: Moderate
A89: c001 | B89: ws002 | C89: =_xlfn.XLOOKUP(E89,crop_weeds!$F$2:$F$23,crop_weeds!$D$2:$D$23) -> w004 | D89: =_xlfn.XLOOKUP(E89,crop_weeds!$F$2:$F$23,crop_weeds!$E$2:$E$23,"not found") -> wrinkle duck-beak | E89: หญ้ากระดูกไก่ | F89: fenoxaprop-p-ethyl | G89: 1A | H89: Moderate
A90: c001 | B90: ws002 | C90: =_xlfn.XLOOKUP(E90,crop_weeds!$F$2:$F$23,crop_weeds!$D$2:$D$23) -> w002 | D90: =_xlfn.XLOOKUP(E90,crop_weeds!$F$2:$F$23,crop_weeds!$E$2:$E$23,"not found") -> sprangletop | E90: หญ้าดอกขาว | F90: cyhalofop-butyl | G90: 1A | H90: Moderate
A91: c001 | B91: ws002 | C91: =_xlfn.XLOOKUP(E91,crop_weeds!$F$2:$F$23,crop_weeds!$D$2:$D$23) -> w001 | D91: =_xlfn.XLOOKUP(E91,crop_weeds!$F$2:$F$23,crop_weeds!$E$2:$E$23,"not found") -> barnyard grass | E91: หญ้าข้าวนก | F91: cyhalofop-butyl | G91: 1A | H91: Moderate
A92: c001 | B92: ws002 | C92: =_xlfn.XLOOKUP(E92,crop_weeds!$F$2:$F$23,crop_weeds!$D$2:$D$23) -> w004 | D92: =_xlfn.XLOOKUP(E92,crop_weeds!$F$2:$F$23,crop_weeds!$E$2:$E$23,"not found") -> wrinkle duck-beak | E92: หญ้ากระดูกไก่ | F92: cyhalofop-butyl | G92: 1A | H92: Moderate
A93: c001 | B93: ws002 | C93: =_xlfn.XLOOKUP(E93,crop_weeds!$F$2:$F$23,crop_weeds!$D$2:$D$23) -> w001 | D93: =_xlfn.XLOOKUP(E93,crop_weeds!$F$2:$F$23,crop_weeds!$E$2:$E$23,"not found") -> barnyard grass | E93: หญ้าข้าวนก | F93: triafamone | G93: 2B | H93: Moderate
A94: c001 | B94: ws002 | C94: =_xlfn.XLOOKUP(E94,crop_weeds!$F$2:$F$23,crop_weeds!$D$2:$D$23) -> w004 | D94: =_xlfn.XLOOKUP(E94,crop_weeds!$F$2:$F$23,crop_weeds!$E$2:$E$23,"not found") -> wrinkle duck-beak | E94: หญ้ากระดูกไก่ | F94: triafamone | G94: 2B | H94: Moderate
A95: c001 | B95: ws002 | C95: =_xlfn.XLOOKUP(E95,crop_weeds!$F$2:$F$23,crop_weeds!$D$2:$D$23) -> w010 | D95: =_xlfn.XLOOKUP(E95,crop_weeds!$F$2:$F$23,crop_weeds!$E$2:$E$23,"not found") -> seedbox | E95: เทียนนา | F95: triafamone | G95: 2B | H95: Moderate
A96: c001 | B96: ws002 | C96: =_xlfn.XLOOKUP(E96,crop_weeds!$F$2:$F$23,crop_weeds!$D$2:$D$23) -> w009 | D96: =_xlfn.XLOOKUP(E96,crop_weeds!$F$2:$F$23,crop_weeds!$E$2:$E$23,"not found") -> goose weed | E96: ผักปอดนา | F96: triafamone | G96: 2B | H96: Moderate
A97: c001 | B97: ws002 | C97: =_xlfn.XLOOKUP(E97,crop_weeds!$F$2:$F$23,crop_weeds!$D$2:$D$23) -> w007 | D97: =_xlfn.XLOOKUP(E97,crop_weeds!$F$2:$F$23,crop_weeds!$E$2:$E$23,"not found") -> grass-like fimbristylis | E97: หนวดปลาดุก | F97: triafamone | G97: 2B | H97: Moderate
A98: c001 | B98: ws002 | C98: =_xlfn.XLOOKUP(E98,crop_weeds!$F$2:$F$23,crop_weeds!$D$2:$D$23) -> w006 | D98: =_xlfn.XLOOKUP(E98,crop_weeds!$F$2:$F$23,crop_weeds!$E$2:$E$23,"not found") -> smallflower umbrella sedge | E98: กกขนาก | F98: triafamone | G98: 2B | H98: Moderate
A99: c001 | B99: ws002 | C99: =_xlfn.XLOOKUP(E99,crop_weeds!$F$2:$F$23,crop_weeds!$D$2:$D$23) -> w005 | D99: =_xlfn.XLOOKUP(E99,crop_weeds!$F$2:$F$23,crop_weeds!$E$2:$E$23,"not found") -> umbrella sedge | E99: กกทราย | F99: triafamone | G99: 2B | H99: Moderate

Sheet pest_ins
A1: crop_id | B1: pest_id | C1: pest_name_th | D1: common_name | E1: irac_code | F1: efficiency
A2: c001 | B2: p001 | C2: เพลี้ยไฟข้าว | D2: Fipronil | E2: 2B | F2: Moderate
A3: c001 | B3: p001 | C3: เพลี้ยไฟข้าว | D3: Imidacloprid | E3: 4A | F3: Moderate
A4: c001 | B4: p001 | C4: เพลี้ยไฟข้าว | D4: Thiamethoxam | E4: 4A | F4: Moderate
A5: c001 | B5: p001 | C5: เพลี้ยไฟข้าว | D5: Acetamiprid | E5: 4A | F5: Moderate
A6: c001 | B6: p001 | C6: เพลี้ยไฟข้าว | D6: Dinotefuran | E6: 4A | F6: Moderate
A7: c001 | B7: p001 | C7: เพลี้ยไฟข้าว | D7: Spinosad | E7: 5 | F7: Moderate
A8: c001 | B8: p001 | C8: เพลี้ยไฟข้าว | D8: Spinetoram | E8: 5 | F8: Effective
A9: c001 | B9: p001 | C9: เพลี้ยไฟข้าว | D9: Abamectin | E9: 6 | F9: Moderate
A10: c001 | B10: p001 | C10: เพลี้ยไฟข้าว | D10: Emamectin benzoate | E10: 6 | F10: Moderate
A11: c001 | B11: p001 | C11: เพลี้ยไฟข้าว | D11: Chlorfenapyr | E11: 13 | F11: Moderate
A12: c001 | B12: p002 | C12: หอยเชอรี่ | D12: Niclosamide | E12: None | F12: Moderate
... A70: c001 | B70: p011 | C70: แมลงหวี่ขาว | D70: Spiromesifen | E70: 23 | F70: Effective

Sheet disease_fun
A1: crop_id | B1: disease_id | C1: disease_name_th | D1: common_name | E1: frac_code | F1: efficiency
A2: c001 | B2: =_xlfn.XLOOKUP(C2,ref!$H$2:$H$19,ref!$G$2:$G$19,"not found") -> d001 | C2: โรคไหม้ | D2: Tricyclazole | E2: 16.1 | F2: Moderate
A3: c001 | B3: =_xlfn.XLOOKUP(C3,ref!$H$2:$H$19,ref!$G$2:$G$19,"not found") -> d001 | C3: โรคไหม้ | D3: Isoprothiolane | E3: 6 | F3: Moderate
A4: c001 | B4: =_xlfn.XLOOKUP(C4,ref!$H$2:$H$19,ref!$G$2:$G$19,"not found") -> d001 | C4: โรคไหม้ | D4: Edifenphos | E4: 14 | F4: Moderate
A5: c001 | B5: =_xlfn.XLOOKUP(C5,ref!$H$2:$H$19,ref!$G$2:$G$19,"not found") -> d001 | C5: โรคไหม้ | D5: Azoxystrobin | E5: 11 | F5: Effective
A6: c001 | B6: =_xlfn.XLOOKUP(C6,ref!$H$2:$H$19,ref!$G$2:$G$19,"not found") -> d001 | C6: โรคไหม้ | D6: Pyraclostrobin | E6: 11 | F6: Effective
A7: c001 | B7: =_xlfn.XLOOKUP(C7,ref!$H$2:$H$19,ref!$G$2:$G$19,"not found") -> d001 | C7: โรคไหม้ | D7: Difenoconazole | E7: 3 | F7: Effective
A8: c001 | B8: =_xlfn.XLOOKUP(C8,ref!$H$2:$H$19,ref!$G$2:$G$19,"not found") -> d002 | C8: โรคใบจุดสีน้ำตาล | D8: Mancozeb | E8: M03 | F8: Moderate
A9: c001 | B9: =_xlfn.XLOOKUP(C9,ref!$H$2:$H$19,ref!$G$2:$G$19,"not found") -> d002 | C9: โรคใบจุดสีน้ำตาล | D9: Chlorothalonil | E9: M05 | F9: Effective
A10: c001 | B10: =_xlfn.XLOOKUP(C10,ref!$H$2:$H$19,ref!$G$2:$G$19,"not found") -> d002 | C10: โรคใบจุดสีน้ำตาล | D10: Difenoconazole | E10: 3 | F10: Moderate
A11: c001 | B11: =_xlfn.XLOOKUP(C11,ref!$H$2:$H$19,ref!$G$2:$G$19,"not found") -> d002 | C11: โรคใบจุดสีน้ำตาล | D11: Propiconazole | E11: 3 | F11: Moderate
A12: c001 | B12: =_xlfn.XLOOKUP(C12,ref!$H$2:$H$19,ref!$G$2:$G$19,"not found") -> d002 | C12: โรคใบจุดสีน้ำตาล | D12: Azoxystrobin | E12: 11 | F12: Effective
A13: c001 | B13: =_xlfn.XLOOKUP(C13,ref!$H$2:$H$19,ref!$G$2:$G$19,"not found") -> d002 | C13: โรคใบจุดสีน้ำตาล | D13: Carbendazim | E13: 1 | F13: Moderate
... A51: c001 | B51: =_xlfn.XLOOKUP(C51,ref!$H$2:$H$19,ref!$G$2:$G$19,"not found") -> d009 | C51: โรคใบขีดโปร่งแสง | D51: Oxytetracycline | E51: 41 | F51: Moderate

Sheet fertilizer
A1: crop_id | B1: crop | C1: formula | D1: start_day | E1: end_day | F1: stage | G1: type | J1: rice 120 days
A2: c001 | B2: rice(120days) | C2: 46-0-0 | D2: 20 | E2: 30 | F2: 1st application | G2: granular
A3: c001 | B3: rice(120days) | C3: 30-0-0 | D3: 20 | E3: 30 | F3: 1st application | G3: granular | J3: fertilizer | K3: start | L3: end
A4: c001 | B4: rice(120days) | C4: 16-20-0 | D4: 40 | E4: 50 | F4: 2nd application | G4: granular | J4: 1 | K4: 20 | L4: 25 | N4: 25 | O4: kg
A5: c001 | B5: rice(120days) | C5: 20-20-0 | D5: 40 | E5: 50 | F5: 2nd application | G5: granular | J5: 2 | K5: 45 | L5: 50 | N5: 30 | O5: kg
A6: c001 | B6: rice(120days) | C6: 15-15-15 | D6: 60 | E6: 70 | F6: 3rd application | G6: granular | J6: 3 | K6: 65 | L6: 75 | N6: 10 | O6: kg
A7: c001 | B7: rice(120days) | C7: 16-16-16 | D7: 60 | E7: 70 | F7: 3rd application | G7: granular
J8: rice 100 days
J10: fertilizer | K10: start | L10: end
J11: 1 | K11: 20 | L11: 25
J12: 2 | K12: 45 | L12: 50 | M12: apply fertilizer more than 120 days for each time

Sheet crop_ref
A1: crop_id | B1: crop | C1: day_more_than_120
A2: c001 | B2: rice(120 days) | C2: 0
A3: c002 | B3: rice(100 days) | C3: 0
A4: c003 | B4: durian (new tree) | C4: 1
A5: c004 | B5: durian (bearing tree) | C5: 1

Sheet ref
A1: rice (120 days) | K1: fertilizer | O1: chemical_name
A2: w001 | B2: หญ้าข้าวนก | D2: p001 | E2: เพลี้ยไฟข้าว | G2: d001 | H2: โรคไหม้ | O2: 1-naphthylaceticacid
A3: w002 | B3: หญ้าดอกขาว | D3: p002 | E3: หอยเชอรี่ | G3: d002 | H3: โรคใบจุดสีน้ำตาล | K3: id | L3: brand | M3: formula | O3: 2-amino-4,5-dihydro-6-methyl-4-propyl-triazole-[1,5-a]pyrimidin-5-one
A4: w003 | B4: หญ้านกสีชมพู | D4: p003 | E4: หนอนกระทู้กล้า | G4: d003 | H4: โรคใบขีดสีน้ำตาล | K4: f001 | L4: พีรามิด | M4: 20-10-10 | O4: 2,4-d-butyl
A5: w004 | B5: หญ้ากระดูกไก่ | D5: p004 | E5: แมลงบั่ว | G5: d004 | H5: โรคเมล็ดด่าง | K5: f002 | L5: พีรามิด | M5: 15-15-15 | O5: 2,4-d-dimethylammonium
A6: w005 | B6: กกทราย | D6: p005 | E6: แมลงดำหนาม | G6: d005 | H6: โรคกาบใบแห้ง | K6: f003 | L6: พีรามิด | M6: 20-20-0 | O6: 2,4-d-isobutyl
A7: w006 | B7: กกขนาก | D7: p006 | E7: หนอนห่อใบข้าว | G7: d006 | H7: โรคกาบใบเน่า | K7: f004 | L7: พีรามิด | M7: 13-10-20 | O7: 2,4-d-sodium
A8: w007 | B8: หนวดปลาดุก | D8: p007 | E8: หนอนกอข้าว | G8: d007 | H8: โรคดอกกระถิน | K8: f005 | L8: พีรามิด | M8: 12-12-17 | O8: 2,4-d-sodium+diuron+dsma
A9: w008 | B9: แห้วหมู | D9: p008 | E9: เพลี้ยกระโดดสีน้ำตาล | G9: d008 | H9: โรคขอบใบแห้ง | K9: f006 | L9: entec | M9: 12-12-17 | O9: 2,4-d-triisopropanolaminesalt+picloram
A10: w009 | B10: ผักปอดนา | D10: p009 | E10: แมลงหล่า | G10: d009 | H10: โรคใบขีดโปร่งแสง | K10: f007 | L10: พีรามิด-เอส | M10: 20-20-0 | O10: 2,4-dbutylester
A11: w010 | B11: เทียนนา | D11: p010 | E11: แมลงสิง | K11: f008 | L11: พีรามิด-เอส | M11: 16-16-16 | O11: 4-methyl-5-nonanone
A12: w011 | B12: ข้าววัชพืช | D12: p011 | E12: หนอนกระทู้คอรวง | K12: f009 | L12: พีรามิด-เอส | M12: 19-4-19 | O12: abamectin
D13: p012 | E13: แมลงหวี่ขาว | K13: f010 | L13: คอร์น คาลี | M13: 0-0-40 | O13: abamectin+chlorantraniliprole
K14: f011 | L14: blaukorn | M14: 24-5-5 | O14: abamectin+thiamethoxam
A15: Excellent | K15: f012 | L15: floranid | M15: 20-5-8 | O15: acephate
A16: Effective | K16: f013 | L16: EasyStart | M16: 11-48-0 | O16: acetamiprid
A17: Moderate | K17: f014 | L17: พีรามิด-โกร | M17: 8-24-24 | O17: acetamiprid+abamectin
A18: Poor | K18: f015 | L18: โซลูเทค | M18: 16-16-16 | O18: acetamiprid+novaluron
A19: Ineffective | O19: acetochlor
O20: alachlor
O21: albesilate
O22: alpha-cypermethrin
O23: alpha-naphthylaceticacid
O24: aluminiumphosphide
O25: aluminumphosphide
O26: ametoctradin
O27: ametryn
O28: ametryn+atrazine
O29: amicarbazone
O30: aminopyralid
O31: aminopyralidpotassium+triclopyrbutoxyethylester
... O479: ziram
